DATAFLOW,LAST UPDATE,freq,unit,sex,age,icd10,resid,geo,TIME_PERIOD,DEATHS,OBS_FLAG
ESTAT:HLTH_CD_ARO(1.0),13/04/23 11:00:00,A,NR,T,Y_GE65,A-R_V-Y,TOT_IN,AT,2011,62665,
ESTAT:HLTH_CD_ARO(1.0),13/04/23 11:00:00,A,NR,T,Y_GE65,A-R_V-Y,TOT_IN,AT,2012,65819,
ESTAT:HLTH_CD_ARO(1.0),13/04/23 11:00:00,A,NR,T,Y_GE65,A-R_V-Y,TOT_IN,AT,2013,66125,
ESTAT:HLTH_CD_ARO(1.0),13/04/23 11:00:00,A,NR,T,Y_GE65,A-R_V-Y,TOT_IN,AT,2014,65132,
ESTAT:HLTH_CD_ARO(1.0),13/04/23 11:00:00,A,NR,T,Y_GE65,A-R_V-Y,TOT_IN,AT,2015,69962,
ESTAT:HLTH_CD_ARO(1.0),13/04/23 11:00:00,A,NR,T,Y_GE65,A-R_V-Y,TOT_IN,AT,2016,67772,
ESTAT:HLTH_CD_ARO(1.0),13/04/23 11:00:00,A,NR,T,Y_GE65,A-R_V-Y,TOT_IN,AT,2017,70399,
ESTAT:HLTH_CD_ARO(1.0),13/04/23 11:00:00,A,NR,T,Y_GE65,A-R_V-Y,TOT_IN,AT,2018,70728,
ESTAT:HLTH_CD_ARO(1.0),13/04/23 11:00:00,A,NR,T,Y_GE65,A-R_V-Y,TOT_IN,AT,2019,70549,
ESTAT:HLTH_CD_ARO(1.0),13/04/23 11:00:00,A,NR,T,Y_GE65,A-R_V-Y,TOT_IN,AT,2020,78020,
ESTAT:HLTH_CD_ARO(1.0),13/04/23 11:00:00,A,NR,T,Y_GE65,A-R_V-Y,TOT_IN,BE,2011,85186,
ESTAT:HLTH_CD_ARO(1.0),13/04/23 11:00:00,A,NR,T,Y_GE65,A-R_V-Y,TOT_IN,BE,2012,90045,
ESTAT:HLTH_CD_ARO(1.0),13/04/23 11:00:00,A,NR,T,Y_GE65,A-R_V-Y,TOT_IN,BE,2013,90695,
ESTAT:HLTH_CD_ARO(1.0),13/04/23 11:00:00,A,NR,T,Y_GE65,A-R_V-Y,TOT_IN,BE,2014,86972,
ESTAT:HLTH_CD_ARO(1.0),13/04/23 11:00:00,A,NR,T,Y_GE65,A-R_V-Y,TOT_IN,BE,2015,92323,
ESTAT:HLTH_CD_ARO(1.0),13/04/23 11:00:00,A,NR,T,Y_GE65,A-R_V-Y,TOT_IN,BE,2016,90432,
ESTAT:HLTH_CD_ARO(1.0),13/04/23 11:00:00,A,NR,T,Y_GE65,A-R_V-Y,TOT_IN,BE,2017,91790,
ESTAT:HLTH_CD_ARO(1.0),13/04/23 11:00:00,A,NR,T,Y_GE65,A-R_V-Y,TOT_IN,BE,2018,93688,
ESTAT:HLTH_CD_ARO(1.0),13/04/23 11:00:00,A,NR,T,Y_GE65,A-R_V-Y,TOT_IN,BE,2019,92400,
ESTAT:HLTH_CD_ARO(1.0),13/04/23 11:00:00,A,NR,T,Y_GE65,A-R_V-Y,TOT_IN,BE,2020,109681,
ESTAT:HLTH_CD_ARO(1.0),13/04/23 11:00:00,A,NR,T,Y_GE65,A-R_V-Y,TOT_IN,BG,2011,82882,
ESTAT:HLTH_CD_ARO(1.0),13/04/23 11:00:00,A,NR,T,Y_GE65,A-R_V-Y,TOT_IN,BG,2012,84746,
ESTAT:HLTH_CD_ARO(1.0),13/04/23 11:00:00,A,NR,T,Y_GE65,A-R_V-Y,TOT_IN,BG,2013,80746,
ESTAT:HLTH_CD_ARO(1.0),13/04/23 11:00:00,A,NR,T,Y_GE65,A-R_V-Y,TOT_IN,BG,2014,84341,
ESTAT:HLTH_CD_ARO(1.0),13/04/23 11:00:00,A,NR,T,Y_GE65,A-R_V-Y,TOT_IN,BG,2015,86308,
ESTAT:HLTH_CD_ARO(1.0),13/04/23 11:00:00,A,NR,T,Y_GE65,A-R_V-Y,TOT_IN,BG,2016,83743,
ESTAT:HLTH_CD_ARO(1.0),13/04/23 11:00:00,A,NR,T,Y_GE65,A-R_V-Y,TOT_IN,BG,2017,86436,
ESTAT:HLTH_CD_ARO(1.0),13/04/23 11:00:00,A,NR,T,Y_GE65,A-R_V-Y,TOT_IN,BG,2018,85303,
ESTAT:HLTH_CD_ARO(1.0),13/04/23 11:00:00,A,NR,T,Y_GE65,A-R_V-Y,TOT_IN,BG,2019,85275,
ESTAT:HLTH_CD_ARO(1.0),13/04/23 11:00:00,A,NR,T,Y_GE65,A-R_V-Y,TOT_IN,BG,2020,98508,
ESTAT:HLTH_CD_ARO(1.0),13/04/23 11:00:00,A,NR,T,Y_GE65,A-R_V-Y,TOT_IN,CH,2011,52822,
ESTAT:HLTH_CD_ARO(1.0),13/04/23 11:00:00,A,NR,T,Y_GE65,A-R_V-Y,TOT_IN,CH,2012,54847,
ESTAT:HLTH_CD_ARO(1.0),13/04/23 11:00:00,A,NR,T,Y_GE65,A-R_V-Y,TOT_IN,CH,2013,55703,
ESTAT:HLTH_CD_ARO(1.0),13/04/23 11:00:00,A,NR,T,Y_GE65,A-R_V-Y,TOT_IN,CH,2014,55046,
ESTAT:HLTH_CD_ARO(1.0),13/04/23 11:00:00,A,NR,T,Y_GE65,A-R_V-Y,TOT_IN,CH,2015,58590,
ESTAT:HLTH_CD_ARO(1.0),13/04/23 11:00:00,A,NR,T,Y_GE65,A-R_V-Y,TOT_IN,CH,2016,56217,
ESTAT:HLTH_CD_ARO(1.0),13/04/23 11:00:00,A,NR,T,Y_GE65,A-R_V-Y,TOT_IN,CH,2017,58150,
ESTAT:HLTH_CD_ARO(1.0),13/04/23 11:00:00,A,NR,T,Y_GE65,A-R_V-Y,TOT_IN,CH,2018,58302,
ESTAT:HLTH_CD_ARO(1.0),13/04/23 11:00:00,A,NR,T,Y_GE65,A-R_V-Y,TOT_IN,CH,2019,59439,
ESTAT:HLTH_CD_ARO(1.0),13/04/23 11:00:00,A,NR,T,Y_GE65,A-R_V-Y,TOT_IN,CH,2020,67467,
ESTAT:HLTH_CD_ARO(1.0),13/04/23 11:00:00,A,NR,T,Y_GE65,A-R_V-Y,TOT_IN,CY,2011,4420,
ESTAT:HLTH_CD_ARO(1.0),13/04/23 11:00:00,A,NR,T,Y_GE65,A-R_V-Y,TOT_IN,CY,2012,4659,
ESTAT:HLTH_CD_ARO(1.0),13/04/23 11:00:00,A,NR,T,Y_GE65,A-R_V-Y,TOT_IN,CY,2013,4342,
ESTAT:HLTH_CD_ARO(1.0),13/04/23 11:00:00,A,NR,T,Y_GE65,A-R_V-Y,TOT_IN,CY,2014,4595,
ESTAT:HLTH_CD_ARO(1.0),13/04/23 11:00:00,A,NR,T,Y_GE65,A-R_V-Y,TOT_IN,CY,2015,4992,
ESTAT:HLTH_CD_ARO(1.0),13/04/23 11:00:00,A,NR,T,Y_GE65,A-R_V-Y,TOT_IN,CY,2016,4659,
ESTAT:HLTH_CD_ARO(1.0),13/04/23 11:00:00,A,NR,T,Y_GE65,A-R_V-Y,TOT_IN,CY,2017,5183,
ESTAT:HLTH_CD_ARO(1.0),13/04/23 11:00:00,A,NR,T,Y_GE65,A-R_V-Y,TOT_IN,CY,2018,4987,
ESTAT:HLTH_CD_ARO(1.0),13/04/23 11:00:00,A,NR,T,Y_GE65,A-R_V-Y,TOT_IN,CY,2019,5357,
ESTAT:HLTH_CD_ARO(1.0),13/04/23 11:00:00,A,NR,T,Y_GE65,A-R_V-Y,TOT_IN,CY,2020,5505,
ESTAT:HLTH_CD_ARO(1.0),13/04/23 11:00:00,A,NR,T,Y_GE65,A-R_V-Y,TOT_IN,CZ,2011,82385,
ESTAT:HLTH_CD_ARO(1.0),13/04/23 11:00:00,A,NR,T,Y_GE65,A-R_V-Y,TOT_IN,CZ,2012,84659,
ESTAT:HLTH_CD_ARO(1.0),13/04/23 11:00:00,A,NR,T,Y_GE65,A-R_V-Y,TOT_IN,CZ,2013,86599,
ESTAT:HLTH_CD_ARO(1.0),13/04/23 11:00:00,A,NR,T,Y_GE65,A-R_V-Y,TOT_IN,CZ,2014,84464,
ESTAT:HLTH_CD_ARO(1.0),13/04/23 11:00:00,A,NR,T,Y_GE65,A-R_V-Y,TOT_IN,CZ,2015,90307,
ESTAT:HLTH_CD_ARO(1.0),13/04/23 11:00:00,A,NR,T,Y_GE65,A-R_V-Y,TOT_IN,CZ,2016,87693,
ESTAT:HLTH_CD_ARO(1.0),13/04/23 11:00:00,A,NR,T,Y_GE65,A-R_V-Y,TOT_IN,CZ,2017,91500,
ESTAT:HLTH_CD_ARO(1.0),13/04/23 11:00:00,A,NR,T,Y_GE65,A-R_V-Y,TOT_IN,CZ,2018,93146,
ESTAT:HLTH_CD_ARO(1.0),13/04/23 11:00:00,A,NR,T,Y_GE65,A-R_V-Y,TOT_IN,CZ,2019,93128,
ESTAT:HLTH_CD_ARO(1.0),13/04/23 11:00:00,A,NR,T,Y_GE65,A-R_V-Y,TOT_IN,CZ,2020,109317,
ESTAT:HLTH_CD_ARO(1.0),13/04/23 11:00:00,A,NR,T,Y_GE65,A-R_V-Y,TOT_IN,DE,2011,714206,
ESTAT:HLTH_CD_ARO(1.0),13/04/23 11:00:00,A,NR,T,Y_GE65,A-R_V-Y,TOT_IN,DE,2012,733322,
ESTAT:HLTH_CD_ARO(1.0),13/04/23 11:00:00,A,NR,T,Y_GE65,A-R_V-Y,TOT_IN,DE,2013,755285,
ESTAT:HLTH_CD_ARO(1.0),13/04/23 11:00:00,A,NR,T,Y_GE65,A-R_V-Y,TOT_IN,DE,2014,732824,
ESTAT:HLTH_CD_ARO(1.0),13/04/23 11:00:00,A,NR,T,Y_GE65,A-R_V-Y,TOT_IN,DE,2015,785533,
ESTAT:HLTH_CD_ARO(1.0),13/04/23 11:00:00,A,NR,T,Y_GE65,A-R_V-Y,TOT_IN,DE,2016,772513,
ESTAT:HLTH_CD_ARO(1.0),13/04/23 11:00:00,A,NR,T,Y_GE65,A-R_V-Y,TOT_IN,DE,2017,796608,
ESTAT:HLTH_CD_ARO(1.0),13/04/23 11:00:00,A,NR,T,Y_GE65,A-R_V-Y,TOT_IN,DE,2018,816663,
ESTAT:HLTH_CD_ARO(1.0),13/04/23 11:00:00,A,NR,T,Y_GE65,A-R_V-Y,TOT_IN,DE,2019,805386,
ESTAT:HLTH_CD_ARO(1.0),13/04/23 11:00:00,A,NR,T,Y_GE65,A-R_V-Y,TOT_IN,DE,2020,849176,
ESTAT:HLTH_CD_ARO(1.0),13/04/23 11:00:00,A,NR,T,Y_GE65,A-R_V-Y,TOT_IN,DK,2011,42693,
ESTAT:HLTH_CD_ARO(1.0),13/04/23 11:00:00,A,NR,T,Y_GE65,A-R_V-Y,TOT_IN,DK,2012,42945,
ESTAT:HLTH_CD_ARO(1.0),13/04/23 11:00:00,A,NR,T,Y_GE65,A-R_V-Y,TOT_IN,DK,2013,43319,
ESTAT:HLTH_CD_ARO(1.0),13/04/23 11:00:00,A,NR,T,Y_GE65,A-R_V-Y,TOT_IN,DK,2014,42341,
ESTAT:HLTH_CD_ARO(1.0),13/04/23 11:00:00,A,NR,T,Y_GE65,A-R_V-Y,TOT_IN,DK,2015,43752,
ESTAT:HLTH_CD_ARO(1.0),13/04/23 11:00:00,A,NR,T,Y_GE65,A-R_V-Y,TOT_IN,DK,2016,44052,
ESTAT:HLTH_CD_ARO(1.0),13/04/23 11:00:00,A,NR,T,Y_GE65,A-R_V-Y,TOT_IN,DK,2017,44941,
ESTAT:HLTH_CD_ARO(1.0),13/04/23 11:00:00,A,NR,T,Y_GE65,A-R_V-Y,TOT_IN,DK,2018,46853,
ESTAT:HLTH_CD_ARO(1.0),13/04/23 11:00:00,A,NR,T,Y_GE65,A-R_V-Y,TOT_IN,DK,2019,45889,
ESTAT:HLTH_CD_ARO(1.0),13/04/23 11:00:00,A,NR,T,Y_GE65,A-R_V-Y,TOT_IN,DK,2020,46864,
ESTAT:HLTH_CD_ARO(1.0),13/04/23 11:00:00,A,NR,T,Y_GE65,A-R_V-Y,TOT_IN,EE,2011,11383,
ESTAT:HLTH_CD_ARO(1.0),13/04/23 11:00:00,A,NR,T,Y_GE65,A-R_V-Y,TOT_IN,EE,2012,11628,
ESTAT:HLTH_CD_ARO(1.0),13/04/23 11:00:00,A,NR,T,Y_GE65,A-R_V-Y,TOT_IN,EE,2013,11813,
ESTAT:HLTH_CD_ARO(1.0),13/04/23 11:00:00,A,NR,T,Y_GE65,A-R_V-Y,TOT_IN,EE,2014,11920,
ESTAT:HLTH_CD_ARO(1.0),13/04/23 11:00:00,A,NR,T,Y_GE65,A-R_V-Y,TOT_IN,EE,2015,11949,
ESTAT:HLTH_CD_ARO(1.0),13/04/23 11:00:00,A,NR,T,Y_GE65,A-R_V-Y,TOT_IN,EE,2016,11999,
ESTAT:HLTH_CD_ARO(1.0),13/04/23 11:00:00,A,NR,T,Y_GE65,A-R_V-Y,TOT_IN,EE,2017,12346,
ESTAT:HLTH_CD_ARO(1.0),13/04/23 11:00:00,A,NR,T,Y_GE65,A-R_V-Y,TOT_IN,EE,2018,12554,
ESTAT:HLTH_CD_ARO(1.0),13/04/23 11:00:00,A,NR,T,Y_GE65,A-R_V-Y,TOT_IN,EE,2019,12336,
ESTAT:HLTH_CD_ARO(1.0),13/04/23 11:00:00,A,NR,T,Y_GE65,A-R_V-Y,TOT_IN,EE,2020,12624,
ESTAT:HLTH_CD_ARO(1.0),13/04/23 11:00:00,A,NR,T,Y_GE65,A-R_V-Y,TOT_IN,EL,2011,93850,
ESTAT:HLTH_CD_ARO(1.0),13/04/23 11:00:00,A,NR,T,Y_GE65,A-R_V-Y,TOT_IN,EL,2012,99470,
ESTAT:HLTH_CD_ARO(1.0),13/04/23 11:00:00,A,NR,T,Y_GE65,A-R_V-Y,TOT_IN,EL,2013,95223,
ESTAT:HLTH_CD_ARO(1.0),13/04/23 11:00:00,A,NR,T,Y_GE65,A-R_V-Y,TOT_IN,EL,2014,97277,
ESTAT:HLTH_CD_ARO(1.0),13/04/23 11:00:00,A,NR,T,Y_GE65,A-R_V-Y,TOT_IN,EL,2015,104653,
ESTAT:HLTH_CD_ARO(1.0),13/04/23 11:00:00,A,NR,T,Y_GE65,A-R_V-Y,TOT_IN,EL,2016,102188,
ESTAT:HLTH_CD_ARO(1.0),13/04/23 11:00:00,A,NR,T,Y_GE65,A-R_V-Y,TOT_IN,EL,2017,108106,
ESTAT:HLTH_CD_ARO(1.0),13/04/23 11:00:00,A,NR,T,Y_GE65,A-R_V-Y,TOT_IN,EL,2018,104213,
ESTAT:HLTH_CD_ARO(1.0),13/04/23 11:00:00,A,NR,T,Y_GE65,A-R_V-Y,TOT_IN,EL,2019,108770,
ESTAT:HLTH_CD_ARO(1.0),13/04/23 11:00:00,A,NR,T,Y_GE65,A-R_V-Y,TOT_IN,EL,2020,114516,
ESTAT:HLTH_CD_ARO(1.0),13/04/23 11:00:00,A,NR,T,Y_GE65,A-R_V-Y,TOT_IN,ES,2011,326155,
ESTAT:HLTH_CD_ARO(1.0),13/04/23 11:00:00,A,NR,T,Y_GE65,A-R_V-Y,TOT_IN,ES,2012,341900,
ESTAT:HLTH_CD_ARO(1.0),13/04/23 11:00:00,A,NR,T,Y_GE65,A-R_V-Y,TOT_IN,ES,2013,330935,
ESTAT:HLTH_CD_ARO(1.0),13/04/23 11:00:00,A,NR,T,Y_GE65,A-R_V-Y,TOT_IN,ES,2014,337099,
ESTAT:HLTH_CD_ARO(1.0),13/04/23 11:00:00,A,NR,T,Y_GE65,A-R_V-Y,TOT_IN,ES,2015,363218,
ESTAT:HLTH_CD_ARO(1.0),13/04/23 11:00:00,A,NR,T,Y_GE65,A-R_V-Y,TOT_IN,ES,2016,351664,
ESTAT:HLTH_CD_ARO(1.0),13/04/23 11:00:00,A,NR,T,Y_GE65,A-R_V-Y,TOT_IN,ES,2017,365527,
ESTAT:HLTH_CD_ARO(1.0),13/04/23 11:00:00,A,NR,T,Y_GE65,A-R_V-Y,TOT_IN,ES,2018,368002,
ESTAT:HLTH_CD_ARO(1.0),13/04/23 11:00:00,A,NR,T,Y_GE65,A-R_V-Y,TOT_IN,ES,2019,359736,
ESTAT:HLTH_CD_ARO(1.0),13/04/23 11:00:00,A,NR,T,Y_GE65,A-R_V-Y,TOT_IN,ES,2020,429596,
ESTAT:HLTH_CD_ARO(1.0),13/04/23 11:00:00,A,NR,T,Y_GE65,A-R_V-Y,TOT_IN,EU27_2020,2011,3485240,
ESTAT:HLTH_CD_ARO(1.0),13/04/23 11:00:00,A,NR,T,Y_GE65,A-R_V-Y,TOT_IN,EU27_2020,2012,3618227,
ESTAT:HLTH_CD_ARO(1.0),13/04/23 11:00:00,A,NR,T,Y_GE65,A-R_V-Y,TOT_IN,EU27_2020,2013,3612213,
ESTAT:HLTH_CD_ARO(1.0),13/04/23 11:00:00,A,NR,T,Y_GE65,A-R_V-Y,TOT_IN,EU27_2020,2014,3584869,
ESTAT:HLTH_CD_ARO(1.0),13/04/23 11:00:00,A,NR,T,Y_GE65,A-R_V-Y,TOT_IN,EU27_2020,2015,3824566,
ESTAT:HLTH_CD_ARO(1.0),13/04/23 11:00:00,A,NR,T,Y_GE65,A-R_V-Y,TOT_IN,EU27_2020,2016,3757804,
ESTAT:HLTH_CD_ARO(1.0),13/04/23 11:00:00,A,NR,T,Y_GE65,A-R_V-Y,TOT_IN,EU27_2020,2017,3892548,
ESTAT:HLTH_CD_ARO(1.0),13/04/23 11:00:00,A,NR,T,Y_GE65,A-R_V-Y,TOT_IN,EU27_2020,2018,3924165,p
ESTAT:HLTH_CD_ARO(1.0),13/04/23 11:00:00,A,NR,T,Y_GE65,A-R_V-Y,TOT_IN,EU27_2020,2019,3910714,p
ESTAT:HLTH_CD_ARO(1.0),13/04/23 11:00:00,A,NR,T,Y_GE65,A-R_V-Y,TOT_IN,EU27_2020,2020,4400885,
ESTAT:HLTH_CD_ARO(1.0),13/04/23 11:00:00,A,NR,T,Y_GE65,A-R_V-Y,TOT_IN,FI,2011,40282,
ESTAT:HLTH_CD_ARO(1.0),13/04/23 11:00:00,A,NR,T,Y_GE65,A-R_V-Y,TOT_IN,FI,2012,41880,
ESTAT:HLTH_CD_ARO(1.0),13/04/23 11:00:00,A,NR,T,Y_GE65,A-R_V-Y,TOT_IN,FI,2013,42079,
ESTAT:HLTH_CD_ARO(1.0),13/04/23 11:00:00,A,NR,T,Y_GE65,A-R_V-Y,TOT_IN,FI,2014,43504,
ESTAT:HLTH_CD_ARO(1.0),13/04/23 11:00:00,A,NR,T,Y_GE65,A-R_V-Y,TOT_IN,FI,2015,43889,
ESTAT:HLTH_CD_ARO(1.0),13/04/23 11:00:00,A,NR,T,Y_GE65,A-R_V-Y,TOT_IN,FI,2016,45548,
ESTAT:HLTH_CD_ARO(1.0),13/04/23 11:00:00,A,NR,T,Y_GE65,A-R_V-Y,TOT_IN,FI,2017,45499,
ESTAT:HLTH_CD_ARO(1.0),13/04/23 11:00:00,A,NR,T,Y_GE65,A-R_V-Y,TOT_IN,FI,2018,46501,
ESTAT:HLTH_CD_ARO(1.0),13/04/23 11:00:00,A,NR,T,Y_GE65,A-R_V-Y,TOT_IN,FI,2019,46376,
ESTAT:HLTH_CD_ARO(1.0),13/04/23 11:00:00,A,NR,T,Y_GE65,A-R_V-Y,TOT_IN,FI,2020,47699,
ESTAT:HLTH_CD_ARO(1.0),13/04/23 11:00:00,A,NR,T,Y_GE65,A-R_V-Y,TOT_IN,FR,2011,434966,
ESTAT:HLTH_CD_ARO(1.0),13/04/23 11:00:00,A,NR,T,Y_GE65,A-R_V-Y,TOT_IN,FR,2012,461167,
ESTAT:HLTH_CD_ARO(1.0),13/04/23 11:00:00,A,NR,T,Y_GE65,A-R_V-Y,TOT_IN,FR,2013,461804,
ESTAT:HLTH_CD_ARO(1.0),13/04/23 11:00:00,A,NR,T,Y_GE65,A-R_V-Y,TOT_IN,FR,2014,455166,
ESTAT:HLTH_CD_ARO(1.0),13/04/23 11:00:00,A,NR,T,Y_GE65,A-R_V-Y,TOT_IN,FR,2015,488864,
ESTAT:HLTH_CD_ARO(1.0),13/04/23 11:00:00,A,NR,T,Y_GE65,A-R_V-Y,TOT_IN,FR,2016,490718,
ESTAT:HLTH_CD_ARO(1.0),13/04/23 11:00:00,A,NR,T,Y_GE65,A-R_V-Y,TOT_IN,FR,2017,504778,
ESTAT:HLTH_CD_ARO(1.0),13/04/23 11:00:00,A,NR,T,Y_GE65,A-R_V-Y,TOT_IN,FR,2018,508992,p
ESTAT:HLTH_CD_ARO(1.0),13/04/23 11:00:00,A,NR,T,Y_GE65,A-R_V-Y,TOT_IN,FR,2019,514734,p
ESTAT:HLTH_CD_ARO(1.0),13/04/23 11:00:00,A,NR,T,Y_GE65,A-R_V-Y,TOT_IN,FR,2020,568752,
ESTAT:HLTH_CD_ARO(1.0),13/04/23 11:00:00,A,NR,T,Y_GE65,A-R_V-Y,TOT_IN,HR,2011,40916,
ESTAT:HLTH_CD_ARO(1.0),13/04/23 11:00:00,A,NR,T,Y_GE65,A-R_V-Y,TOT_IN,HR,2012,41801,
ESTAT:HLTH_CD_ARO(1.0),13/04/23 11:00:00,A,NR,T,Y_GE65,A-R_V-Y,TOT_IN,HR,2013,40780,
ESTAT:HLTH_CD_ARO(1.0),13/04/23 11:00:00,A,NR,T,Y_GE65,A-R_V-Y,TOT_IN,HR,2014,41451,
ESTAT:HLTH_CD_ARO(1.0),13/04/23 11:00:00,A,NR,T,Y_GE65,A-R_V-Y,TOT_IN,HR,2015,44663,
ESTAT:HLTH_CD_ARO(1.0),13/04/23 11:00:00,A,NR,T,Y_GE65,A-R_V-Y,TOT_IN,HR,2016,42741,
ESTAT:HLTH_CD_ARO(1.0),13/04/23 11:00:00,A,NR,T,Y_GE65,A-R_V-Y,TOT_IN,HR,2017,44653,
ESTAT:HLTH_CD_ARO(1.0),13/04/23 11:00:00,A,NR,T,Y_GE65,A-R_V-Y,TOT_IN,HR,2018,44004,
ESTAT:HLTH_CD_ARO(1.0),13/04/23 11:00:00,A,NR,T,Y_GE65,A-R_V-Y,TOT_IN,HR,2019,43556,
ESTAT:HLTH_CD_ARO(1.0),13/04/23 11:00:00,A,NR,T,Y_GE65,A-R_V-Y,TOT_IN,HR,2020,48468,
ESTAT:HLTH_CD_ARO(1.0),13/04/23 11:00:00,A,NR,T,Y_GE65,A-R_V-Y,TOT_IN,HU,2011,94178,
ESTAT:HLTH_CD_ARO(1.0),13/04/23 11:00:00,A,NR,T,Y_GE65,A-R_V-Y,TOT_IN,HU,2012,95792,
ESTAT:HLTH_CD_ARO(1.0),13/04/23 11:00:00,A,NR,T,Y_GE65,A-R_V-Y,TOT_IN,HU,2013,94800,
ESTAT:HLTH_CD_ARO(1.0),13/04/23 11:00:00,A,NR,T,Y_GE65,A-R_V-Y,TOT_IN,HU,2014,94692,
ESTAT:HLTH_CD_ARO(1.0),13/04/23 11:00:00,A,NR,T,Y_GE65,A-R_V-Y,TOT_IN,HU,2015,100022,
ESTAT:HLTH_CD_ARO(1.0),13/04/23 11:00:00,A,NR,T,Y_GE65,A-R_V-Y,TOT_IN,HU,2016,96791,
ESTAT:HLTH_CD_ARO(1.0),13/04/23 11:00:00,A,NR,T,Y_GE65,A-R_V-Y,TOT_IN,HU,2017,101581,
ESTAT:HLTH_CD_ARO(1.0),13/04/23 11:00:00,A,NR,T,Y_GE65,A-R_V-Y,TOT_IN,HU,2018,101557,
ESTAT:HLTH_CD_ARO(1.0),13/04/23 11:00:00,A,NR,T,Y_GE65,A-R_V-Y,TOT_IN,HU,2019,101714,
ESTAT:HLTH_CD_ARO(1.0),13/04/23 11:00:00,A,NR,T,Y_GE65,A-R_V-Y,TOT_IN,HU,2020,112440,
ESTAT:HLTH_CD_ARO(1.0),13/04/23 11:00:00,A,NR,T,Y_GE65,A-R_V-Y,TOT_IN,IE,2011,22221,
ESTAT:HLTH_CD_ARO(1.0),13/04/23 11:00:00,A,NR,T,Y_GE65,A-R_V-Y,TOT_IN,IE,2012,23057,
ESTAT:HLTH_CD_ARO(1.0),13/04/23 11:00:00,A,NR,T,Y_GE65,A-R_V-Y,TOT_IN,IE,2013,23589,
ESTAT:HLTH_CD_ARO(1.0),13/04/23 11:00:00,A,NR,T,Y_GE65,A-R_V-Y,TOT_IN,IE,2014,23499,
ESTAT:HLTH_CD_ARO(1.0),13/04/23 11:00:00,A,NR,T,Y_GE65,A-R_V-Y,TOT_IN,IE,2015,24498,
ESTAT:HLTH_CD_ARO(1.0),13/04/23 11:00:00,A,NR,T,Y_GE65,A-R_V-Y,TOT_IN,IE,2016,25094,
ESTAT:HLTH_CD_ARO(1.0),13/04/23 11:00:00,A,NR,T,Y_GE65,A-R_V-Y,TOT_IN,IE,2017,25002,
ESTAT:HLTH_CD_ARO(1.0),13/04/23 11:00:00,A,NR,T,Y_GE65,A-R_V-Y,TOT_IN,IE,2018,25547,
ESTAT:HLTH_CD_ARO(1.0),13/04/23 11:00:00,A,NR,T,Y_GE65,A-R_V-Y,TOT_IN,IE,2019,25606,
ESTAT:HLTH_CD_ARO(1.0),13/04/23 11:00:00,A,NR,T,Y_GE65,A-R_V-Y,TOT_IN,IE,2020,26979,
ESTAT:HLTH_CD_ARO(1.0),13/04/23 11:00:00,A,NR,T,Y_GE65,A-R_V-Y,TOT_IN,IS,2011,1630,
ESTAT:HLTH_CD_ARO(1.0),13/04/23 11:00:00,A,NR,T,Y_GE65,A-R_V-Y,TOT_IN,IS,2012,1586,
ESTAT:HLTH_CD_ARO(1.0),13/04/23 11:00:00,A,NR,T,Y_GE65,A-R_V-Y,TOT_IN,IS,2013,1779,
ESTAT:HLTH_CD_ARO(1.0),13/04/23 11:00:00,A,NR,T,Y_GE65,A-R_V-Y,TOT_IN,IS,2014,1662,
ESTAT:HLTH_CD_ARO(1.0),13/04/23 11:00:00,A,NR,T,Y_GE65,A-R_V-Y,TOT_IN,IS,2015,1800,
ESTAT:HLTH_CD_ARO(1.0),13/04/23 11:00:00,A,NR,T,Y_GE65,A-R_V-Y,TOT_IN,IS,2016,1931,
ESTAT:HLTH_CD_ARO(1.0),13/04/23 11:00:00,A,NR,T,Y_GE65,A-R_V-Y,TOT_IN,IS,2017,1847,
ESTAT:HLTH_CD_ARO(1.0),13/04/23 11:00:00,A,NR,T,Y_GE65,A-R_V-Y,TOT_IN,IS,2018,1842,
ESTAT:HLTH_CD_ARO(1.0),13/04/23 11:00:00,A,NR,T,Y_GE65,A-R_V-Y,TOT_IN,IS,2019,1858,
ESTAT:HLTH_CD_ARO(1.0),13/04/23 11:00:00,A,NR,T,Y_GE65,A-R_V-Y,TOT_IN,IS,2020,1888,
ESTAT:HLTH_CD_ARO(1.0),13/04/23 11:00:00,A,NR,T,Y_GE65,A-R_V-Y,TOT_IN,IT,2011,517009,
ESTAT:HLTH_CD_ARO(1.0),13/04/23 11:00:00,A,NR,T,Y_GE65,A-R_V-Y,TOT_IN,IT,2012,537356,
ESTAT:HLTH_CD_ARO(1.0),13/04/23 11:00:00,A,NR,T,Y_GE65,A-R_V-Y,TOT_IN,IT,2013,525750,
ESTAT:HLTH_CD_ARO(1.0),13/04/23 11:00:00,A,NR,T,Y_GE65,A-R_V-Y,TOT_IN,IT,2014,526722,
ESTAT:HLTH_CD_ARO(1.0),13/04/23 11:00:00,A,NR,T,Y_GE65,A-R_V-Y,TOT_IN,IT,2015,572008,
ESTAT:HLTH_CD_ARO(1.0),13/04/23 11:00:00,A,NR,T,Y_GE65,A-R_V-Y,TOT_IN,IT,2016,546962,
ESTAT:HLTH_CD_ARO(1.0),13/04/23 11:00:00,A,NR,T,Y_GE65,A-R_V-Y,TOT_IN,IT,2017,578849,
ESTAT:HLTH_CD_ARO(1.0),13/04/23 11:00:00,A,NR,T,Y_GE65,A-R_V-Y,TOT_IN,IT,2018,561699,
ESTAT:HLTH_CD_ARO(1.0),13/04/23 11:00:00,A,NR,T,Y_GE65,A-R_V-Y,TOT_IN,IT,2019,571434,
ESTAT:HLTH_CD_ARO(1.0),13/04/23 11:00:00,A,NR,T,Y_GE65,A-R_V-Y,TOT_IN,IT,2020,669714,
ESTAT:HLTH_CD_ARO(1.0),13/04/23 11:00:00,A,NR,T,Y_GE65,A-R_V-Y,TOT_IN,LT,2011,29136,
ESTAT:HLTH_CD_ARO(1.0),13/04/23 11:00:00,A,NR,T,Y_GE65,A-R_V-Y,TOT_IN,LT,2012,29428,
ESTAT:HLTH_CD_ARO(1.0),13/04/23 11:00:00,A,NR,T,Y_GE65,A-R_V-Y,TOT_IN,LT,2013,30019,
ESTAT:HLTH_CD_ARO(1.0),13/04/23 11:00:00,A,NR,T,Y_GE65,A-R_V-Y,TOT_IN,LT,2014,29478,
ESTAT:HLTH_CD_ARO(1.0),13/04/23 11:00:00,A,NR,T,Y_GE65,A-R_V-Y,TOT_IN,LT,2015,31049,
ESTAT:HLTH_CD_ARO(1.0),13/04/23 11:00:00,A,NR,T,Y_GE65,A-R_V-Y,TOT_IN,LT,2016,30627,
ESTAT:HLTH_CD_ARO(1.0),13/04/23 11:00:00,A,NR,T,Y_GE65,A-R_V-Y,TOT_IN,LT,2017,30835,
ESTAT:HLTH_CD_ARO(1.0),13/04/23 11:00:00,A,NR,T,Y_GE65,A-R_V-Y,TOT_IN,LT,2018,30421,
ESTAT:HLTH_CD_ARO(1.0),13/04/23 11:00:00,A,NR,T,Y_GE65,A-R_V-Y,TOT_IN,LT,2019,29325,
ESTAT:HLTH_CD_ARO(1.0),13/04/23 11:00:00,A,NR,T,Y_GE65,A-R_V-Y,TOT_IN,LT,2020,33403,
ESTAT:HLTH_CD_ARO(1.0),13/04/23 11:00:00,A,NR,T,Y_GE65,A-R_V-Y,TOT_IN,LU,2011,3041,
ESTAT:HLTH_CD_ARO(1.0),13/04/23 11:00:00,A,NR,T,Y_GE65,A-R_V-Y,TOT_IN,LU,2012,3099,
ESTAT:HLTH_CD_ARO(1.0),13/04/23 11:00:00,A,NR,T,Y_GE65,A-R_V-Y,TOT_IN,LU,2013,2990,
ESTAT:HLTH_CD_ARO(1.0),13/04/23 11:00:00,A,NR,T,Y_GE65,A-R_V-Y,TOT_IN,LU,2014,3078,
ESTAT:HLTH_CD_ARO(1.0),13/04/23 11:00:00,A,NR,T,Y_GE65,A-R_V-Y,TOT_IN,LU,2015,3246,
ESTAT:HLTH_CD_ARO(1.0),13/04/23 11:00:00,A,NR,T,Y_GE65,A-R_V-Y,TOT_IN,LU,2016,3231,
ESTAT:HLTH_CD_ARO(1.0),13/04/23 11:00:00,A,NR,T,Y_GE65,A-R_V-Y,TOT_IN,LU,2017,3406,
ESTAT:HLTH_CD_ARO(1.0),13/04/23 11:00:00,A,NR,T,Y_GE65,A-R_V-Y,TOT_IN,LU,2018,3386,
ESTAT:HLTH_CD_ARO(1.0),13/04/23 11:00:00,A,NR,T,Y_GE65,A-R_V-Y,TOT_IN,LU,2019,3365,
ESTAT:HLTH_CD_ARO(1.0),13/04/23 11:00:00,A,NR,T,Y_GE65,A-R_V-Y,TOT_IN,LU,2020,3705,
ESTAT:HLTH_CD_ARO(1.0),13/04/23 11:00:00,A,NR,T,Y_GE65,A-R_V-Y,TOT_IN,LV,2011,20992,
ESTAT:HLTH_CD_ARO(1.0),13/04/23 11:00:00,A,NR,T,Y_GE65,A-R_V-Y,TOT_IN,LV,2012,21623,
ESTAT:HLTH_CD_ARO(1.0),13/04/23 11:00:00,A,NR,T,Y_GE65,A-R_V-Y,TOT_IN,LV,2013,21341,
ESTAT:HLTH_CD_ARO(1.0),13/04/23 11:00:00,A,NR,T,Y_GE65,A-R_V-Y,TOT_IN,LV,2014,21167,
ESTAT:HLTH_CD_ARO(1.0),13/04/23 11:00:00,A,NR,T,Y_GE65,A-R_V-Y,TOT_IN,LV,2015,21421,
ESTAT:HLTH_CD_ARO(1.0),13/04/23 11:00:00,A,NR,T,Y_GE65,A-R_V-Y,TOT_IN,LV,2016,21665,
ESTAT:HLTH_CD_ARO(1.0),13/04/23 11:00:00,A,NR,T,Y_GE65,A-R_V-Y,TOT_IN,LV,2017,21920,
ESTAT:HLTH_CD_ARO(1.0),13/04/23 11:00:00,A,NR,T,Y_GE65,A-R_V-Y,TOT_IN,LV,2018,21991,
ESTAT:HLTH_CD_ARO(1.0),13/04/23 11:00:00,A,NR,T,Y_GE65,A-R_V-Y,TOT_IN,LV,2019,21385,
ESTAT:HLTH_CD_ARO(1.0),13/04/23 11:00:00,A,NR,T,Y_GE65,A-R_V-Y,TOT_IN,LV,2020,22487,
ESTAT:HLTH_CD_ARO(1.0),13/04/23 11:00:00,A,NR,T,Y_GE65,A-R_V-Y,TOT_IN,MT,2011,2686,
ESTAT:HLTH_CD_ARO(1.0),13/04/23 11:00:00,A,NR,T,Y_GE65,A-R_V-Y,TOT_IN,MT,2012,2807,
ESTAT:HLTH_CD_ARO(1.0),13/04/23 11:00:00,A,NR,T,Y_GE65,A-R_V-Y,TOT_IN,MT,2013,2729,
ESTAT:HLTH_CD_ARO(1.0),13/04/23 11:00:00,A,NR,T,Y_GE65,A-R_V-Y,TOT_IN,MT,2014,2752,
ESTAT:HLTH_CD_ARO(1.0),13/04/23 11:00:00,A,NR,T,Y_GE65,A-R_V-Y,TOT_IN,MT,2015,2917,
ESTAT:HLTH_CD_ARO(1.0),13/04/23 11:00:00,A,NR,T,Y_GE65,A-R_V-Y,TOT_IN,MT,2016,2807,
ESTAT:HLTH_CD_ARO(1.0),13/04/23 11:00:00,A,NR,T,Y_GE65,A-R_V-Y,TOT_IN,MT,2017,3030,
ESTAT:HLTH_CD_ARO(1.0),13/04/23 11:00:00,A,NR,T,Y_GE65,A-R_V-Y,TOT_IN,MT,2018,3124,
ESTAT:HLTH_CD_ARO(1.0),13/04/23 11:00:00,A,NR,T,Y_GE65,A-R_V-Y,TOT_IN,MT,2019,3183,
ESTAT:HLTH_CD_ARO(1.0),13/04/23 11:00:00,A,NR,T,Y_GE65,A-R_V-Y,TOT_IN,MT,2020,3492,
ESTAT:HLTH_CD_ARO(1.0),13/04/23 11:00:00,A,NR,T,Y_GE65,A-R_V-Y,TOT_IN,NL,2011,110396,
ESTAT:HLTH_CD_ARO(1.0),13/04/23 11:00:00,A,NR,T,Y_GE65,A-R_V-Y,TOT_IN,NL,2012,115713,
ESTAT:HLTH_CD_ARO(1.0),13/04/23 11:00:00,A,NR,T,Y_GE65,A-R_V-Y,TOT_IN,NL,2013,117578,
ESTAT:HLTH_CD_ARO(1.0),13/04/23 11:00:00,A,NR,T,Y_GE65,A-R_V-Y,TOT_IN,NL,2014,115409,
ESTAT:HLTH_CD_ARO(1.0),13/04/23 11:00:00,A,NR,T,Y_GE65,A-R_V-Y,TOT_IN,NL,2015,123395,
ESTAT:HLTH_CD_ARO(1.0),13/04/23 11:00:00,A,NR,T,Y_GE65,A-R_V-Y,TOT_IN,NL,2016,125078,
ESTAT:HLTH_CD_ARO(1.0),13/04/23 11:00:00,A,NR,T,Y_GE65,A-R_V-Y,TOT_IN,NL,2017,126915,
ESTAT:HLTH_CD_ARO(1.0),13/04/23 11:00:00,A,NR,T,Y_GE65,A-R_V-Y,TOT_IN,NL,2018,130136,
ESTAT:HLTH_CD_ARO(1.0),13/04/23 11:00:00,A,NR,T,Y_GE65,A-R_V-Y,TOT_IN,NL,2019,129266,
ESTAT:HLTH_CD_ARO(1.0),13/04/23 11:00:00,A,NR,T,Y_GE65,A-R_V-Y,TOT_IN,NL,2020,145396,
ESTAT:HLTH_CD_ARO(1.0),13/04/23 11:00:00,A,NR,T,Y_GE65,A-R_V-Y,TOT_IN,NO,2011,34603,
ESTAT:HLTH_CD_ARO(1.0),13/04/23 11:00:00,A,NR,T,Y_GE65,A-R_V-Y,TOT_IN,NO,2012,35517,
ESTAT:HLTH_CD_ARO(1.0),13/04/23 11:00:00,A,NR,T,Y_GE65,A-R_V-Y,TOT_IN,NO,2013,34069,
ESTAT:HLTH_CD_ARO(1.0),13/04/23 11:00:00,A,NR,T,Y_GE65,A-R_V-Y,TOT_IN,NO,2014,33759,
ESTAT:HLTH_CD_ARO(1.0),13/04/23 11:00:00,A,NR,T,Y_GE65,A-R_V-Y,TOT_IN,NO,2015,34302,
ESTAT:HLTH_CD_ARO(1.0),13/04/23 11:00:00,A,NR,T,Y_GE65,A-R_V-Y,TOT_IN,NO,2016,34570,
ESTAT:HLTH_CD_ARO(1.0),13/04/23 11:00:00,A,NR,T,Y_GE65,A-R_V-Y,TOT_IN,NO,2017,34907,
ESTAT:HLTH_CD_ARO(1.0),13/04/23 11:00:00,A,NR,T,Y_GE65,A-R_V-Y,TOT_IN,NO,2018,34841,
ESTAT:HLTH_CD_ARO(1.0),13/04/23 11:00:00,A,NR,T,Y_GE65,A-R_V-Y,TOT_IN,NO,2019,34704,
ESTAT:HLTH_CD_ARO(1.0),13/04/23 11:00:00,A,NR,T,Y_GE65,A-R_V-Y,TOT_IN,NO,2020,34720,
ESTAT:HLTH_CD_ARO(1.0),13/04/23 11:00:00,A,NR,T,Y_GE65,A-R_V-Y,TOT_IN,PT,2011,84945,
ESTAT:HLTH_CD_ARO(1.0),13/04/23 11:00:00,A,NR,T,Y_GE65,A-R_V-Y,TOT_IN,PT,2012,90235,
ESTAT:HLTH_CD_ARO(1.0),13/04/23 11:00:00,A,NR,T,Y_GE65,A-R_V-Y,TOT_IN,PT,2013,89322,
ESTAT:HLTH_CD_ARO(1.0),13/04/23 11:00:00,A,NR,T,Y_GE65,A-R_V-Y,TOT_IN,PT,2014,88354,
ESTAT:HLTH_CD_ARO(1.0),13/04/23 11:00:00,A,NR,T,Y_GE65,A-R_V-Y,TOT_IN,PT,2015,92361,
ESTAT:HLTH_CD_ARO(1.0),13/04/23 11:00:00,A,NR,T,Y_GE65,A-R_V-Y,TOT_IN,PT,2016,94201,
ESTAT:HLTH_CD_ARO(1.0),13/04/23 11:00:00,A,NR,T,Y_GE65,A-R_V-Y,TOT_IN,PT,2017,93499,
ESTAT:HLTH_CD_ARO(1.0),13/04/23 11:00:00,A,NR,T,Y_GE65,A-R_V-Y,TOT_IN,PT,2018,96937,
ESTAT:HLTH_CD_ARO(1.0),13/04/23 11:00:00,A,NR,T,Y_GE65,A-R_V-Y,TOT_IN,PT,2019,95954,
ESTAT:HLTH_CD_ARO(1.0),13/04/23 11:00:00,A,NR,T,Y_GE65,A-R_V-Y,TOT_IN,PT,2020,106591,
ESTAT:HLTH_CD_ARO(1.0),13/04/23 11:00:00,A,NR,T,Y_GE65,A-R_V-Y,TOT_IN,RS,2011,79771,
ESTAT:HLTH_CD_ARO(1.0),13/04/23 11:00:00,A,NR,T,Y_GE65,A-R_V-Y,TOT_IN,RS,2012,79621,
ESTAT:HLTH_CD_ARO(1.0),13/04/23 11:00:00,A,NR,T,Y_GE65,A-R_V-Y,TOT_IN,RS,2013,77990,
ESTAT:HLTH_CD_ARO(1.0),13/04/23 11:00:00,A,NR,T,Y_GE65,A-R_V-Y,TOT_IN,RS,2014,79222,
ESTAT:HLTH_CD_ARO(1.0),13/04/23 11:00:00,A,NR,T,Y_GE65,A-R_V-Y,TOT_IN,RS,2015,81854,
ESTAT:HLTH_CD_ARO(1.0),13/04/23 11:00:00,A,NR,T,Y_GE65,A-R_V-Y,TOT_IN,RS,2016,80058,
ESTAT:HLTH_CD_ARO(1.0),13/04/23 11:00:00,A,NR,T,Y_GE65,A-R_V-Y,TOT_IN,RS,2017,83004,
ESTAT:HLTH_CD_ARO(1.0),13/04/23 11:00:00,A,NR,T,Y_GE65,A-R_V-Y,TOT_IN,RS,2018,82028,
ESTAT:HLTH_CD_ARO(1.0),13/04/23 11:00:00,A,NR,T,Y_GE65,A-R_V-Y,TOT_IN,RS,2019,81932,
ESTAT:HLTH_CD_ARO(1.0),13/04/23 11:00:00,A,NR,T,Y_GE65,A-R_V-Y,TOT_IN,RS,2020,94801,
ESTAT:HLTH_CD_ARO(1.0),13/04/23 11:00:00,A,NR,T,Y_GE65,A-R_V-Y,TOT_IN,SE,2011,77893,
ESTAT:HLTH_CD_ARO(1.0),13/04/23 11:00:00,A,NR,T,Y_GE65,A-R_V-Y,TOT_IN,SE,2012,80203,
ESTAT:HLTH_CD_ARO(1.0),13/04/23 11:00:00,A,NR,T,Y_GE65,A-R_V-Y,TOT_IN,SE,2013,78757,
ESTAT:HLTH_CD_ARO(1.0),13/04/23 11:00:00,A,NR,T,Y_GE65,A-R_V-Y,TOT_IN,SE,2014,77602,
ESTAT:HLTH_CD_ARO(1.0),13/04/23 11:00:00,A,NR,T,Y_GE65,A-R_V-Y,TOT_IN,SE,2015,79575,
ESTAT:HLTH_CD_ARO(1.0),13/04/23 11:00:00,A,NR,T,Y_GE65,A-R_V-Y,TOT_IN,SE,2016,79745,
ESTAT:HLTH_CD_ARO(1.0),13/04/23 11:00:00,A,NR,T,Y_GE65,A-R_V-Y,TOT_IN,SE,2017,80902,
ESTAT:HLTH_CD_ARO(1.0),13/04/23 11:00:00,A,NR,T,Y_GE65,A-R_V-Y,TOT_IN,SE,2018,81186,
ESTAT:HLTH_CD_ARO(1.0),13/04/23 11:00:00,A,NR,T,Y_GE65,A-R_V-Y,TOT_IN,SE,2019,78237,
ESTAT:HLTH_CD_ARO(1.0),13/04/23 11:00:00,A,NR,T,Y_GE65,A-R_V-Y,TOT_IN,SE,2020,87955,
ESTAT:HLTH_CD_ARO(1.0),13/04/23 11:00:00,A,NR,T,Y_GE65,A-R_V-Y,TOT_IN,SK,2011,36941,
ESTAT:HLTH_CD_ARO(1.0),13/04/23 11:00:00,A,NR,T,Y_GE65,A-R_V-Y,TOT_IN,SK,2012,37715,
ESTAT:HLTH_CD_ARO(1.0),13/04/23 11:00:00,A,NR,T,Y_GE65,A-R_V-Y,TOT_IN,SK,2013,37633,
ESTAT:HLTH_CD_ARO(1.0),13/04/23 11:00:00,A,NR,T,Y_GE65,A-R_V-Y,TOT_IN,SK,2014,37108,
ESTAT:HLTH_CD_ARO(1.0),13/04/23 11:00:00,A,NR,T,Y_GE65,A-R_V-Y,TOT_IN,SK,2015,39149,
ESTAT:HLTH_CD_ARO(1.0),13/04/23 11:00:00,A,NR,T,Y_GE65,A-R_V-Y,TOT_IN,SK,2016,38624,
ESTAT:HLTH_CD_ARO(1.0),13/04/23 11:00:00,A,NR,T,Y_GE65,A-R_V-Y,TOT_IN,SK,2017,40127,
ESTAT:HLTH_CD_ARO(1.0),13/04/23 11:00:00,A,NR,T,Y_GE65,A-R_V-Y,TOT_IN,SK,2018,40576,
ESTAT:HLTH_CD_ARO(1.0),13/04/23 11:00:00,A,NR,T,Y_GE65,A-R_V-Y,TOT_IN,SK,2019,39972,
ESTAT:HLTH_CD_ARO(1.0),13/04/23 11:00:00,A,NR,T,Y_GE65,A-R_V-Y,TOT_IN,SK,2020,45641,
